{
  "BTCUSDT": {
    "rsi_period": 14,
    "rsi_overbought": 70,
    "rsi_oversold": 30,
    "max_leverage": 10,
    "allow_long": true,
    "allow_short": true
  },
  "ETHUSDT": {
    "rsi_period": 14,
    "rsi_overbought": 70,
    "rsi_oversold": 30,
    "max_leverage": 10,
    "allow_long": true,
    "allow_short": true
  },
  "BNBUSDT": {
    "rsi_period": 12,
    "rsi_overbought": 75,
    "rsi_oversold": 25,
    "max_leverage": 8,
    "allow_long": true,
    "allow_short": true
  },
  "SOLUSDT": {
    "rsi_period": 14,
    "rsi_overbought": 70,
    "rsi_oversold": 30,
    "max_leverage": 10,
    "allow_long": true,
    "allow_short": true
  },
  "XRPUSDT": {
    "rsi_period": 16,
    "rsi_overbought": 80,
    "rsi_oversold": 20,
    "max_leverage": 5,
    "allow_long": true,
    "allow_short": false
  },
  "ADAUSDT": {
    "rsi_period": 14,
    "rsi_overbought": 70,
    "rsi_oversold": 30,
    "max_leverage": 8,
    "allow_long": true,
    "allow_short": true
  },
  "DOGEUSDT": {
    "rsi_period": 10,
    "rsi_overbought": 75,
    "rsi_oversold": 25,
    "max_leverage": 5,
    "allow_long": true,
    "allow_short": true
  },
  "AVAXUSDT": {
    "rsi_period": 14,
    "rsi_overbought": 70,
    "rsi_oversold": 30,
    "max_leverage": 10,
    "allow_long": true,
    "allow_short": true
  },
  "SHIBUSDT": {
    "rsi_period": 12,
    "rsi_overbought": 80,
    "rsi_oversold": 20,
    "max_leverage": 3,
    "allow_long": true,
    "allow_short": false
  },
  "LINKUSDT": {
    "rsi_period": 14,
    "rsi_overbought": 70,
    "rsi_oversold": 30,
    "max_leverage": 8,
    "allow_long": true,
    "allow_short": true
  },
  "DOTUSDT": {
    "rsi_period": 14,
    "rsi_overbought": 70,
    "rsi_oversold": 30,
    "max_leverage": 10,
    "allow_long": true,
    "allow_short": true
  },
  "MATICUSDT": {
    "rsi_period": 14,
    "rsi_overbought": 70,
    "rsi_oversold": 30,
    "max_leverage": 8,
    "allow_long": true,
    "allow_short": true
  },
  "LTCUSDT": {
    "rsi_period": 14,
    "rsi_overbought": 70,
    "rsi_oversold": 30,
    "max_leverage": 10,
    "allow_long": true,
    "allow_short": true
  },
  "BCHUSDT": {
    "rsi_period": 14,
    "rsi_overbought": 70,
    "rsi_oversold": 30,
    "max_leverage": 10,
    "allow_long": true,
    "allow_short": true
  },
  "ATOMUSDT": {
    "rsi_period": 14,
    "rsi_overbought": 70,
    "rsi_oversold": 30,
    "max_leverage": 8,
    "allow_long": true,
    "allow_short": true
  },
  "UNIUSDT": {
    "rsi_period": 14,
    "rsi_overbought": 70,
    "rsi_oversold": 30,
    "max_leverage": 5,
    "allow_long": true,
    "allow_short": true
  },
  "XLMUSDT": {
    "rsi_period": 14,
    "rsi_overbought": 70,
    "rsi_oversold": 30,
    "max_leverage": 5,
    "allow_long": true,
    "allow_short": false
  },
  "TRXUSDT": {
    "rsi_period": 14,
    "rsi_overbought": 70,
    "rsi_oversold": 30,
    "max_leverage": 5,
    "allow_long": true,
    "allow_short": true
  },
  "NEARUSDT": {
    "rsi_period": 14,
    "rsi_overbought": 70,
    "rsi_oversold": 30,
    "max_leverage": 8,
    "allow_long": true,
    "allow_short": true
  },
  "APTUSDT": {
    "rsi_period": 14,
    "rsi_overbought": 70,
    "rsi_oversold": 30,
    "max_leverage": 5,
    "allow_long": true,
    "allow_short": true
  }
}